profile,bounces,paths,percentage
native,0,23201,0.09776741712566912
native,1,701807,2.957366394151738
native,2,584718,2.4639614071327527
native,3,21238358,89.4969788220461
native,4,1021212,4.303317080200802
native,5,116886,0.4925495589910332
native,6,31105,0.13107432911055292
native,7,9030,0.03805179848475463
native,8,2758,0.011622022172863043
native,9,960,0.004045373925289529
native,10,363,0.001529657015500103
native,11,138,0.0005815225017603697
native,12,78,0.0003286866314297742
native,13,43,0.00018119904040359347
native,14,25,0.00010534827930441481
native,15,16,6.742289875482548e-05
native,16,13,5.47811052382957e-05
native,17,11,4.6353242893942516e-05
native,18,9,3.792538054958933e-05
native,19,5,2.1069655860882962e-05
native,20,4,1.685572468870637e-05
native,21,6,2.5283587033059554e-05
native,22,6,2.5283587033059554e-05
native,23,5,2.1069655860882962e-05
native,24,3,1.2641793516529777e-05
native,25,4,1.685572468870637e-05
native,26,5,2.1069655860882962e-05
native,27,5,2.1069655860882962e-05
native,28,5,2.1069655860882962e-05
native,29,4,1.685572468870637e-05
native,30,2,8.427862344353185e-06
native,31,2,8.427862344353185e-06
native,32,3,1.2641793516529777e-05
native,33,2,8.427862344353185e-06
native,34,1,4.213931172176592e-06
native,35,0,0.0
native,36,3,1.2641793516529777e-05
native,37,1,4.213931172176592e-06
native,38,0,0.0
native,39,1,4.213931172176592e-06
native,40,2,8.427862344353185e-06
native,41,0,0.0
native,42,1,4.213931172176592e-06
native,43,0,0.0
native,44,2,8.427862344353185e-06
native,45,1,4.213931172176592e-06
native,46,0,0.0
native,47,1,4.213931172176592e-06
native,48,0,0.0
native,49,0,0.0
native,50,0,0.0
native,51,0,0.0
native,52,0,0.0
native,53,0,0.0
native,54,0,0.0
native,55,0,0.0
native,56,1,4.213931172176592e-06
native,57,1,4.213931172176592e-06
native,58,0,0.0
native,59,0,0.0
native,60,0,0.0
native,61,0,0.0
native,62,0,0.0
native,63,0,0.0
native,64,3,1.2641793516529777e-05
preview,0,1174,0.0988135638870933
preview,1,34975,2.943785687351864
preview,2,1151947,96.95740074876105
preview,3,0,0.0
preview,4,0,0.0
preview,5,0,0.0
preview,6,0,0.0
preview,7,0,0.0
preview,8,0,0.0
preview,9,0,0.0
preview,10,0,0.0
preview,11,0,0.0
preview,12,0,0.0
preview,13,0,0.0
preview,14,0,0.0
preview,15,0,0.0
preview,16,0,0.0
preview,17,0,0.0
preview,18,0,0.0
preview,19,0,0.0
preview,20,0,0.0
preview,21,0,0.0
preview,22,0,0.0
preview,23,0,0.0
preview,24,0,0.0
preview,25,0,0.0
preview,26,0,0.0
preview,27,0,0.0
preview,28,0,0.0
preview,29,0,0.0
preview,30,0,0.0
preview,31,0,0.0
preview,32,0,0.0
preview,33,0,0.0
preview,34,0,0.0
preview,35,0,0.0
preview,36,0,0.0
preview,37,0,0.0
preview,38,0,0.0
preview,39,0,0.0
preview,40,0,0.0
preview,41,0,0.0
preview,42,0,0.0
preview,43,0,0.0
preview,44,0,0.0
preview,45,0,0.0
preview,46,0,0.0
preview,47,0,0.0
preview,48,0,0.0
preview,49,0,0.0
preview,50,0,0.0
preview,51,0,0.0
preview,52,0,0.0
preview,53,0,0.0
preview,54,0,0.0
preview,55,0,0.0
preview,56,0,0.0
preview,57,0,0.0
preview,58,0,0.0
preview,59,0,0.0
preview,60,0,0.0
preview,61,0,0.0
preview,62,0,0.0
preview,63,0,0.0
preview,64,0,0.0
