scene,bounces,paths,percentage
san-miguel,0,693746,2.1363292309416777
san-miguel,1,582468,1.7936585068427597
san-miguel,2,983323,3.0280558999363794
san-miguel,3,28538500,87.88177770715662
san-miguel,4,1419827,4.37223122436775
san-miguel,5,181794,0.5598184871837983
san-miguel,6,49751,0.1532037886612383
san-miguel,7,15974,0.04919051516702418
san-miguel,8,5125,0.015781982611180603
san-miguel,9,1867,0.005749260787331549
san-miguel,10,691,0.0021278731676733264
san-miguel,11,276,0.0008499175025728481
san-miguel,12,132,0.0004064822838391882
san-miguel,13,59,0.00018168526323115232
san-miguel,14,27,8.314410351256122e-05
san-miguel,15,23,7.082645854773734e-05
san-miguel,16,10,3.079411241205971e-05
san-miguel,17,15,4.619116861808957e-05
san-miguel,18,14,4.31117573768836e-05
san-miguel,19,8,2.463528992964777e-05
san-miguel,20,2,6.158822482411943e-06
san-miguel,21,5,1.5397056206029856e-05
san-miguel,22,7,2.15558786884418e-05
san-miguel,23,9,2.7714701170853742e-05
san-miguel,24,9,2.7714701170853742e-05
san-miguel,25,4,1.2317644964823886e-05
san-miguel,26,5,1.5397056206029856e-05
san-miguel,27,1,3.0794112412059714e-06
san-miguel,28,5,1.5397056206029856e-05
san-miguel,29,3,9.238233723617913e-06
san-miguel,30,0,0.0
san-miguel,31,5,1.5397056206029856e-05
san-miguel,32,2,6.158822482411943e-06
san-miguel,33,3,9.238233723617913e-06
san-miguel,34,3,9.238233723617913e-06
san-miguel,35,3,9.238233723617913e-06
san-miguel,36,3,9.238233723617913e-06
san-miguel,37,1,3.0794112412059714e-06
san-miguel,38,6,1.8476467447235827e-05
san-miguel,39,5,1.5397056206029856e-05
san-miguel,40,2,6.158822482411943e-06
san-miguel,41,2,6.158822482411943e-06
san-miguel,42,2,6.158822482411943e-06
san-miguel,43,1,3.0794112412059714e-06
san-miguel,44,1,3.0794112412059714e-06
san-miguel,45,3,9.238233723617913e-06
san-miguel,46,0,0.0
san-miguel,47,1,3.0794112412059714e-06
san-miguel,48,0,0.0
san-miguel,49,3,9.238233723617913e-06
san-miguel,50,2,6.158822482411943e-06
san-miguel,51,0,0.0
san-miguel,52,3,9.238233723617913e-06
san-miguel,53,0,0.0
san-miguel,54,1,3.0794112412059714e-06
san-miguel,55,1,3.0794112412059714e-06
san-miguel,56,0,0.0
san-miguel,57,0,0.0
san-miguel,58,0,0.0
san-miguel,59,0,0.0
san-miguel,60,0,0.0
san-miguel,61,0,0.0
san-miguel,62,0,0.0
san-miguel,63,0,0.0
san-miguel,64,7,2.15558786884418e-05
cornell,0,22209348,68.39171589105536
cornell,1,2782404,8.56816615517646
cornell,2,1317203,4.056209725150229
cornell,3,4755406,14.643850692898324
cornell,4,638283,1.965535845270671
cornell,5,345900,1.0651683483331456
cornell,6,189100,0.5823166657120492
cornell,7,104843,0.32285471276175765
cornell,8,57902,0.17830406968830814
cornell,9,32272,0.09937875957619911
cornell,10,18140,0.05586051991547632
cornell,11,10064,0.030991194731496894
cornell,12,5591,0.017216988249582586
cornell,13,3155,0.00971554246600484
cornell,14,1870,0.0057584990210551665
cornell,15,987,0.0030393788950702936
cornell,16,561,0.0017275497063165498
cornell,17,303,0.0009330616060854093
cornell,18,192,0.0005912469583115465
cornell,19,98,0.0003017823016381852
cornell,20,48,0.00014781173957788662
cornell,21,26,8.006469227135526e-05
cornell,22,20,6.158822482411943e-05
cornell,23,16,4.927057985929554e-05
cornell,24,4,1.2317644964823886e-05
cornell,25,1,3.0794112412059714e-06
cornell,26,1,3.0794112412059714e-06
cornell,27,1,3.0794112412059714e-06
cornell,28,1,3.0794112412059714e-06
cornell,29,0,0.0
cornell,30,0,0.0
cornell,31,0,0.0
cornell,32,0,0.0
cornell,33,0,0.0
cornell,34,0,0.0
cornell,35,0,0.0
cornell,36,0,0.0
cornell,37,0,0.0
cornell,38,0,0.0
cornell,39,0,0.0
cornell,40,0,0.0
cornell,41,0,0.0
cornell,42,0,0.0
cornell,43,0,0.0
cornell,44,0,0.0
cornell,45,0,0.0
cornell,46,0,0.0
cornell,47,0,0.0
cornell,48,0,0.0
cornell,49,0,0.0
cornell,50,0,0.0
cornell,51,0,0.0
cornell,52,0,0.0
cornell,53,0,0.0
cornell,54,0,0.0
cornell,55,0,0.0
cornell,56,0,0.0
cornell,57,0,0.0
cornell,58,0,0.0
cornell,59,0,0.0
cornell,60,0,0.0
cornell,61,0,0.0
cornell,62,0,0.0
cornell,63,0,0.0
cornell,64,0,0.0
